country,alpha_2_code,alpha_3_code,numeric_code,indicator,time_period,obs_value,sex,unit_multiplier,unit_of_measure,observation_status,observation_confidentaility,time_period_activity_related_to_when_the_data_are_collected,current_age
Afghanistan,AF,AFG,4,"Percentage of adolescents (aged 15-19 years) not in education, employment or training",2021,82,Female,,%,Reanalysed,Free,End of fieldwork,15 to 19 years old
Afghanistan,AF,AFG,4,"Percentage of adolescents (aged 15-19 years) not in education, employment or training",2021,51.4,Male,,%,Reanalysed,Free,End of fieldwork,15 to 19 years old
Afghanistan,AF,AFG,4,"Percentage of adolescents (aged 15-19 years) not in education, employment or training",2021,67.5,Total,,%,Reanalysed,Free,End of fieldwork,15 to 19 years old
Albania,AL,ALB,8,"Percentage of adolescents (aged 15-19 years) not in education, employment or training",2019,17.3,Female,,%,Reanalysed,Free,End of fieldwork,15 to 19 years old
Albania,AL,ALB,8,"Percentage of adolescents (aged 15-19 years) not in education, employment or training",2019,20.5,Male,,%,Reanalysed,Free,End of fieldwork,15 to 19 years old
Albania,AL,ALB,8,"Percentage of adolescents (aged 15-19 years) not in education, employment or training",2019,18.9,Total,,%,Reanalysed,Free,End of fieldwork,15 to 19 years old
Angola,AO,AGO,24,"Percentage of adolescents (aged 15-19 years) not in education, employment or training",2014,27,Female,,%,Reanalysed,Free,End of fieldwork,15 to 19 years old
Angola,AO,AGO,24,"Percentage of adolescents (aged 15-19 years) not in education, employment or training",2014,17.8,Male,,%,Reanalysed,Free,End of fieldwork,15 to 19 years old
Angola,AO,AGO,24,"Percentage of adolescents (aged 15-19 years) not in education, employment or training",2014,22.5,Total,,%,Reanalysed,Free,End of fieldwork,15 to 19 years old
Argentina,AR,ARG,32,"Percentage of adolescents (aged 15-19 years) not in education, employment or training",2021,12.2,Female,,%,Reanalysed,Free,End of fieldwork,15 to 19 years old
Argentina,AR,ARG,32,"Percentage of adolescents (aged 15-19 years) not in education, employment or training",2021,10.2,Male,,%,Reanalysed,Free,End of fieldwork,15 to 19 years old
Argentina,AR,ARG,32,"Percentage of adolescents (aged 15-19 years) not in education, employment or training",2021,11.2,Total,,%,Reanalysed,Free,End of fieldwork,15 to 19 years old
Armenia,AM,ARM,51,"Percentage of adolescents (aged 15-19 years) not in education, employment or training",2020,11.1,Female,,%,Reanalysed,Free,End of fieldwork,15 to 19 years old
Armenia,AM,ARM,51,"Percentage of adolescents (aged 15-19 years) not in education, employment or training",2020,25.9,Male,,%,Reanalysed,Free,End of fieldwork,15 to 19 years old
Armenia,AM,ARM,51,"Percentage of adolescents (aged 15-19 years) not in education, employment or training",2020,18.7,Total,,%,Reanalysed,Free,End of fieldwork,15 to 19 years old
Austria,AT,AUT,40,"Percentage of adolescents (aged 15-19 years) not in education, employment or training",2021,7.7,Female,,%,Reanalysed,Free,End of fieldwork,15 to 19 years old
Austria,AT,AUT,40,"Percentage of adolescents (aged 15-19 years) not in education, employment or training",2021,14.2,Male,,%,Reanalysed,Free,End of fieldwork,15 to 19 years old
Austria,AT,AUT,40,"Percentage of adolescents (aged 15-19 years) not in education, employment or training",2021,11.1,Total,,%,Reanalysed,Free,End of fieldwork,15 to 19 years old
Bangladesh,BD,BGD,50,"Percentage of adolescents (aged 15-19 years) not in education, employment or training",2017,29.8,Female,,%,Reanalysed,Free,End of fieldwork,15 to 19 years old
Bangladesh,BD,BGD,50,"Percentage of adolescents (aged 15-19 years) not in education, employment or training",2017,10.2,Male,,%,Reanalysed,Free,End of fieldwork,15 to 19 years old
Bangladesh,BD,BGD,50,"Percentage of adolescents (aged 15-19 years) not in education, employment or training",2017,19.3,Total,,%,Reanalysed,Free,End of fieldwork,15 to 19 years old
Barbados,BB,BRB,52,"Percentage of adolescents (aged 15-19 years) not in education, employment or training",2016,23,Female,,%,Reanalysed,Free,End of fieldwork,15 to 19 years old
Barbados,BB,BRB,52,"Percentage of adolescents (aged 15-19 years) not in education, employment or training",2016,25.6,Male,,%,Reanalysed,Free,End of fieldwork,15 to 19 years old
Barbados,BB,BRB,52,"Percentage of adolescents (aged 15-19 years) not in education, employment or training",2016,24.4,Total,,%,Reanalysed,Free,End of fieldwork,15 to 19 years old
Belarus,BY,BLR,112,"Percentage of adolescents (aged 15-19 years) not in education, employment or training",2021,5.3,Female,,%,Reanalysed,Free,End of fieldwork,15 to 19 years old
Belarus,BY,BLR,112,"Percentage of adolescents (aged 15-19 years) not in education, employment or training",2021,5.8,Male,,%,Reanalysed,Free,End of fieldwork,15 to 19 years old
Belarus,BY,BLR,112,"Percentage of adolescents (aged 15-19 years) not in education, employment or training",2021,5.6,Total,,%,Reanalysed,Free,End of fieldwork,15 to 19 years old
Belize,BZ,BLZ,84,"Percentage of adolescents (aged 15-19 years) not in education, employment or training",2021,32.1,Female,,%,Reanalysed,Free,End of fieldwork,15 to 19 years old
Belize,BZ,BLZ,84,"Percentage of adolescents (aged 15-19 years) not in education, employment or training",2021,19.7,Male,,%,Reanalysed,Free,End of fieldwork,15 to 19 years old
Belize,BZ,BLZ,84,"Percentage of adolescents (aged 15-19 years) not in education, employment or training",2021,25.9,Total,,%,Reanalysed,Free,End of fieldwork,15 to 19 years old
Benin,BJ,BEN,204,"Percentage of adolescents (aged 15-19 years) not in education, employment or training",2018,38.1,Female,,%,Reanalysed,Free,End of fieldwork,15 to 19 years old
Benin,BJ,BEN,204,"Percentage of adolescents (aged 15-19 years) not in education, employment or training",2018,31.5,Male,,%,Reanalysed,Free,End of fieldwork,15 to 19 years old
Benin,BJ,BEN,204,"Percentage of adolescents (aged 15-19 years) not in education, employment or training",2018,34.8,Total,,%,Reanalysed,Free,End of fieldwork,15 to 19 years old
Bhutan,BT,BTN,64,"Percentage of adolescents (aged 15-19 years) not in education, employment or training",2021,2.2,Female,,%,Reanalysed,Free,End of fieldwork,15 to 19 years old
Bhutan,BT,BTN,64,"Percentage of adolescents (aged 15-19 years) not in education, employment or training",2021,3.2,Male,,%,Reanalysed,Free,End of fieldwork,15 to 19 years old
Bhutan,BT,BTN,64,"Percentage of adolescents (aged 15-19 years) not in education, employment or training",2021,2.7,Total,,%,Reanalysed,Free,End of fieldwork,15 to 19 years old
"Bolivia, Plurinational State of",BO,BOL,68,"Percentage of adolescents (aged 15-19 years) not in education, employment or training",2021,9.5,Female,,%,Reanalysed,Free,End of fieldwork,15 to 19 years old
Bolivia,BO,BOL,68,"Percentage of adolescents (aged 15-19 years) not in education, employment or training",2021,9.5,Female,,%,Reanalysed,Free,End of fieldwork,15 to 19 years old
"Bolivia, Plurinational State of",BO,BOL,68,"Percentage of adolescents (aged 15-19 years) not in education, employment or training",2021,6.4,Male,,%,Reanalysed,Free,End of fieldwork,15 to 19 years old
Bolivia,BO,BOL,68,"Percentage of adolescents (aged 15-19 years) not in education, employment or training",2021,6.4,Male,,%,Reanalysed,Free,End of fieldwork,15 to 19 years old
"Bolivia, Plurinational State of",BO,BOL,68,"Percentage of adolescents (aged 15-19 years) not in education, employment or training",2021,7.9,Total,,%,Reanalysed,Free,End of fieldwork,15 to 19 years old
Bolivia,BO,BOL,68,"Percentage of adolescents (aged 15-19 years) not in education, employment or training",2021,7.9,Total,,%,Reanalysed,Free,End of fieldwork,15 to 19 years old
Bosnia and Herzegovina,BA,BIH,70,"Percentage of adolescents (aged 15-19 years) not in education, employment or training",2021,7.1,Female,,%,Reanalysed,Free,End of fieldwork,15 to 19 years old
Bosnia and Herzegovina,BA,BIH,70,"Percentage of adolescents (aged 15-19 years) not in education, employment or training",2021,9.6,Male,,%,Reanalysed,Free,End of fieldwork,15 to 19 years old
Bosnia and Herzegovina,BA,BIH,70,"Percentage of adolescents (aged 15-19 years) not in education, employment or training",2021,8.4,Total,,%,Reanalysed,Free,End of fieldwork,15 to 19 years old
Botswana,BW,BWA,72,"Percentage of adolescents (aged 15-19 years) not in education, employment or training",2020,28.9,Female,,%,Reanalysed,Free,End of fieldwork,15 to 19 years old
Botswana,BW,BWA,72,"Percentage of adolescents (aged 15-19 years) not in education, employment or training",2020,27.9,Male,,%,Reanalysed,Free,End of fieldwork,15 to 19 years old
Botswana,BW,BWA,72,"Percentage of adolescents (aged 15-19 years) not in education, employment or training",2020,28.4,Total,,%,Reanalysed,Free,End of fieldwork,15 to 19 years old
Brazil,BR,BRA,76,"Percentage of adolescents (aged 15-19 years) not in education, employment or training",2021,18.4,Female,,%,Reanalysed,Free,End of fieldwork,15 to 19 years old
Brazil,BR,BRA,76,"Percentage of adolescents (aged 15-19 years) not in education, employment or training",2021,13.4,Male,,%,Reanalysed,Free,End of fieldwork,15 to 19 years old
Brazil,BR,BRA,76,"Percentage of adolescents (aged 15-19 years) not in education, employment or training",2021,15.8,Total,,%,Reanalysed,Free,End of fieldwork,15 to 19 years old
Brunei Darussalam,BN,BRN,96,"Percentage of adolescents (aged 15-19 years) not in education, employment or training",2021,14.1,Female,,%,Reanalysed,Free,End of fieldwork,15 to 19 years old
Brunei,BN,BRN,96,"Percentage of adolescents (aged 15-19 years) not in education, employment or training",2021,14.1,Female,,%,Reanalysed,Free,End of fieldwork,15 to 19 years old
Brunei Darussalam,BN,BRN,96,"Percentage of adolescents (aged 15-19 years) not in education, employment or training",2021,17.2,Male,,%,Reanalysed,Free,End of fieldwork,15 to 19 years old
Brunei,BN,BRN,96,"Percentage of adolescents (aged 15-19 years) not in education, employment or training",2021,17.2,Male,,%,Reanalysed,Free,End of fieldwork,15 to 19 years old
Brunei Darussalam,BN,BRN,96,"Percentage of adolescents (aged 15-19 years) not in education, employment or training",2021,15.6,Total,,%,Reanalysed,Free,End of fieldwork,15 to 19 years old
Brunei,BN,BRN,96,"Percentage of adolescents (aged 15-19 years) not in education, employment or training",2021,15.6,Total,,%,Reanalysed,Free,End of fieldwork,15 to 19 years old
Burkina Faso,BF,BFA,854,"Percentage of adolescents (aged 15-19 years) not in education, employment or training",2018,43.9,Female,,%,Reanalysed,Free,End of fieldwork,15 to 19 years old
Burkina Faso,BF,BFA,854,"Percentage of adolescents (aged 15-19 years) not in education, employment or training",2018,30.9,Male,,%,Reanalysed,Free,End of fieldwork,15 to 19 years old
Burkina Faso,BF,BFA,854,"Percentage of adolescents (aged 15-19 years) not in education, employment or training",2018,37.7,Total,,%,Reanalysed,Free,End of fieldwork,15 to 19 years old
Burundi,BI,BDI,108,"Percentage of adolescents (aged 15-19 years) not in education, employment or training",2020,10.9,Female,,%,Reanalysed,Free,End of fieldwork,15 to 19 years old
Burundi,BI,BDI,108,"Percentage of adolescents (aged 15-19 years) not in education, employment or training",2020,12.6,Male,,%,Reanalysed,Free,End of fieldwork,15 to 19 years old
Burundi,BI,BDI,108,"Percentage of adolescents (aged 15-19 years) not in education, employment or training",2020,11.7,Total,,%,Reanalysed,Free,End of fieldwork,15 to 19 years old
Cambodia,KH,KHM,116,"Percentage of adolescents (aged 15-19 years) not in education, employment or training",2019,11.2,Female,,%,Reanalysed,Free,End of fieldwork,15 to 19 years old
Cambodia,KH,KHM,116,"Percentage of adolescents (aged 15-19 years) not in education, employment or training",2019,11.5,Male,,%,Reanalysed,Free,End of fieldwork,15 to 19 years old
Cambodia,KH,KHM,116,"Percentage of adolescents (aged 15-19 years) not in education, employment or training",2019,11.4,Total,,%,Reanalysed,Free,End of fieldwork,15 to 19 years old
Cameroon,CM,CMR,120,"Percentage of adolescents (aged 15-19 years) not in education, employment or training",2014,17.9,Female,,%,Reanalysed,Free,End of fieldwork,15 to 19 years old
Cameroon,CM,CMR,120,"Percentage of adolescents (aged 15-19 years) not in education, employment or training",2014,9.1,Male,,%,Reanalysed,Free,End of fieldwork,15 to 19 years old
Cameroon,CM,CMR,120,"Percentage of adolescents (aged 15-19 years) not in education, employment or training",2014,13.6,Total,,%,Reanalysed,Free,End of fieldwork,15 to 19 years old
Canada,CA,CAN,124,"Percentage of adolescents (aged 15-19 years) not in education, employment or training",2021,10,Female,,%,Reanalysed,Free,End of fieldwork,15 to 19 years old
Canada,CA,CAN,124,"Percentage of adolescents (aged 15-19 years) not in education, employment or training",2021,12.2,Male,,%,Reanalysed,Free,End of fieldwork,15 to 19 years old
Canada,CA,CAN,124,"Percentage of adolescents (aged 15-19 years) not in education, employment or training",2021,11.1,Total,,%,Reanalysed,Free,End of fieldwork,15 to 19 years old
Chad,TD,TCD,148,"Percentage of adolescents (aged 15-19 years) not in education, employment or training",2018,44,Female,,%,Reanalysed,Free,End of fieldwork,15 to 19 years old
Chad,TD,TCD,148,"Percentage of adolescents (aged 15-19 years) not in education, employment or training",2018,27.4,Male,,%,Reanalysed,Free,End of fieldwork,15 to 19 years old
Chad,TD,TCD,148,"Percentage of adolescents (aged 15-19 years) not in education, employment or training",2018,36.3,Total,,%,Reanalysed,Free,End of fieldwork,15 to 19 years old
Chile,CL,CHL,152,"Percentage of adolescents (aged 15-19 years) not in education, employment or training",2021,9.6,Female,,%,Reanalysed,Free,End of fieldwork,15 to 19 years old
Chile,CL,CHL,152,"Percentage of adolescents (aged 15-19 years) not in education, employment or training",2021,8,Male,,%,Reanalysed,Free,End of fieldwork,15 to 19 years old
Chile,CL,CHL,152,"Percentage of adolescents (aged 15-19 years) not in education, employment or training",2021,8.8,Total,,%,Reanalysed,Free,End of fieldwork,15 to 19 years old
Colombia,CO,COL,170,"Percentage of adolescents (aged 15-19 years) not in education, employment or training",2021,26.1,Female,,%,Reanalysed,Free,End of fieldwork,15 to 19 years old
Colombia,CO,COL,170,"Percentage of adolescents (aged 15-19 years) not in education, employment or training",2021,17.8,Male,,%,Reanalysed,Free,End of fieldwork,15 to 19 years old
Colombia,CO,COL,170,"Percentage of adolescents (aged 15-19 years) not in education, employment or training",2021,21.8,Total,,%,Reanalysed,Free,End of fieldwork,15 to 19 years old
Comoros,KM,COM,174,"Percentage of adolescents (aged 15-19 years) not in education, employment or training",2014,23.9,Female,,%,Reanalysed,Free,End of fieldwork,15 to 19 years old
Comoros,KM,COM,174,"Percentage of adolescents (aged 15-19 years) not in education, employment or training",2014,18.1,Male,,%,Reanalysed,Free,End of fieldwork,15 to 19 years old
Comoros,KM,COM,174,"Percentage of adolescents (aged 15-19 years) not in education, employment or training",2014,21,Total,,%,Reanalysed,Free,End of fieldwork,15 to 19 years old
Cook Islands,CK,COK,184,"Percentage of adolescents (aged 15-19 years) not in education, employment or training",2019,14.3,Female,,%,Reanalysed,Free,End of fieldwork,15 to 19 years old
Cook Islands,CK,COK,184,"Percentage of adolescents (aged 15-19 years) not in education, employment or training",2019,6.9,Male,,%,Reanalysed,Free,End of fieldwork,15 to 19 years old
Cook Islands,CK,COK,184,"Percentage of adolescents (aged 15-19 years) not in education, employment or training",2019,10.8,Total,,%,Reanalysed,Free,End of fieldwork,15 to 19 years old
Costa Rica,CR,CRI,188,"Percentage of adolescents (aged 15-19 years) not in education, employment or training",2021,16.2,Female,,%,Reanalysed,Free,End of fieldwork,15 to 19 years old
Costa Rica,CR,CRI,188,"Percentage of adolescents (aged 15-19 years) not in education, employment or training",2021,15.3,Male,,%,Reanalysed,Free,End of fieldwork,15 to 19 years old
Costa Rica,CR,CRI,188,"Percentage of adolescents (aged 15-19 years) not in education, employment or training",2021,15.7,Total,,%,Reanalysed,Free,End of fieldwork,15 to 19 years old
Cyprus,CY,CYP,196,"Percentage of adolescents (aged 15-19 years) not in education, employment or training",2021,9.7,Female,,%,Reanalysed,Free,End of fieldwork,15 to 19 years old
Cyprus,CY,CYP,196,"Percentage of adolescents (aged 15-19 years) not in education, employment or training",2021,9.4,Male,,%,Reanalysed,Free,End of fieldwork,15 to 19 years old
Cyprus,CY,CYP,196,"Percentage of adolescents (aged 15-19 years) not in education, employment or training",2021,9.5,Total,,%,Reanalysed,Free,End of fieldwork,15 to 19 years old
Czech Republic,CZ,CZE,203,"Percentage of adolescents (aged 15-19 years) not in education, employment or training",2021,3.9,Female,,%,Reanalysed,Free,End of fieldwork,15 to 19 years old
Czech Republic,CZ,CZE,203,"Percentage of adolescents (aged 15-19 years) not in education, employment or training",2021,4,Male,,%,Reanalysed,Free,End of fieldwork,15 to 19 years old
Czech Republic,CZ,CZE,203,"Percentage of adolescents (aged 15-19 years) not in education, employment or training",2021,3.9,Total,,%,Reanalysed,Free,End of fieldwork,15 to 19 years old
Côte d'Ivoire,CI,CIV,384,"Percentage of adolescents (aged 15-19 years) not in education, employment or training",2019,22.9,Female,,%,Reanalysed,Free,End of fieldwork,15 to 19 years old
Ivory Coast,CI,CIV,384,"Percentage of adolescents (aged 15-19 years) not in education, employment or training",2019,22.9,Female,,%,Reanalysed,Free,End of fieldwork,15 to 19 years old
Côte d'Ivoire,CI,CIV,384,"Percentage of adolescents (aged 15-19 years) not in education, employment or training",2019,10.9,Male,,%,Reanalysed,Free,End of fieldwork,15 to 19 years old
Ivory Coast,CI,CIV,384,"Percentage of adolescents (aged 15-19 years) not in education, employment or training",2019,10.9,Male,,%,Reanalysed,Free,End of fieldwork,15 to 19 years old
Côte d'Ivoire,CI,CIV,384,"Percentage of adolescents (aged 15-19 years) not in education, employment or training",2019,16.7,Total,,%,Reanalysed,Free,End of fieldwork,15 to 19 years old
Ivory Coast,CI,CIV,384,"Percentage of adolescents (aged 15-19 years) not in education, employment or training",2019,16.7,Total,,%,Reanalysed,Free,End of fieldwork,15 to 19 years old
"Congo, the Democratic Republic of the",CD,COD,180,"Percentage of adolescents (aged 15-19 years) not in education, employment or training",2020,29.5,Female,,%,Reanalysed,Free,End of fieldwork,15 to 19 years old
"Congo, the Democratic Republic of the",CD,COD,180,"Percentage of adolescents (aged 15-19 years) not in education, employment or training",2020,24.8,Male,,%,Reanalysed,Free,End of fieldwork,15 to 19 years old
"Congo, the Democratic Republic of the",CD,COD,180,"Percentage of adolescents (aged 15-19 years) not in education, employment or training",2020,27.2,Total,,%,Reanalysed,Free,End of fieldwork,15 to 19 years old
Djibouti,DJ,DJI,262,"Percentage of adolescents (aged 15-19 years) not in education, employment or training",2017,24.1,Female,,%,Reanalysed,Free,End of fieldwork,15 to 19 years old
Djibouti,DJ,DJI,262,"Percentage of adolescents (aged 15-19 years) not in education, employment or training",2017,17.2,Male,,%,Reanalysed,Free,End of fieldwork,15 to 19 years old
Djibouti,DJ,DJI,262,"Percentage of adolescents (aged 15-19 years) not in education, employment or training",2017,20.7,Total,,%,Reanalysed,Free,End of fieldwork,15 to 19 years old
Dominican Republic,DO,DOM,214,"Percentage of adolescents (aged 15-19 years) not in education, employment or training",2021,29.3,Female,,%,Reanalysed,Free,End of fieldwork,15 to 19 years old
Dominican Republic,DO,DOM,214,"Percentage of adolescents (aged 15-19 years) not in education, employment or training",2021,25.3,Male,,%,Reanalysed,Free,End of fieldwork,15 to 19 years old
Dominican Republic,DO,DOM,214,"Percentage of adolescents (aged 15-19 years) not in education, employment or training",2021,27.3,Total,,%,Reanalysed,Free,End of fieldwork,15 to 19 years old
Ecuador,EC,ECU,218,"Percentage of adolescents (aged 15-19 years) not in education, employment or training",2021,19.6,Female,,%,Reanalysed,Free,End of fieldwork,15 to 19 years old
Ecuador,EC,ECU,218,"Percentage of adolescents (aged 15-19 years) not in education, employment or training",2021,9.8,Male,,%,Reanalysed,Free,End of fieldwork,15 to 19 years old
Ecuador,EC,ECU,218,"Percentage of adolescents (aged 15-19 years) not in education, employment or training",2021,14.4,Total,,%,Reanalysed,Free,End of fieldwork,15 to 19 years old
Egypt,EG,EGY,818,"Percentage of adolescents (aged 15-19 years) not in education, employment or training",2020,21.5,Female,,%,Reanalysed,Free,End of fieldwork,15 to 19 years old
Egypt,EG,EGY,818,"Percentage of adolescents (aged 15-19 years) not in education, employment or training",2020,7.1,Male,,%,Reanalysed,Free,End of fieldwork,15 to 19 years old
Egypt,EG,EGY,818,"Percentage of adolescents (aged 15-19 years) not in education, employment or training",2020,14.1,Total,,%,Reanalysed,Free,End of fieldwork,15 to 19 years old
El Salvador,SV,SLV,222,"Percentage of adolescents (aged 15-19 years) not in education, employment or training",2021,27.2,Female,,%,Reanalysed,Free,End of fieldwork,15 to 19 years old
El Salvador,SV,SLV,222,"Percentage of adolescents (aged 15-19 years) not in education, employment or training",2021,13.5,Male,,%,Reanalysed,Free,End of fieldwork,15 to 19 years old
El Salvador,SV,SLV,222,"Percentage of adolescents (aged 15-19 years) not in education, employment or training",2021,20.4,Total,,%,Reanalysed,Free,End of fieldwork,15 to 19 years old
Estonia,EE,EST,233,"Percentage of adolescents (aged 15-19 years) not in education, employment or training",2020,3.3,Female,,%,Reanalysed,Free,End of fieldwork,15 to 19 years old
Estonia,EE,EST,233,"Percentage of adolescents (aged 15-19 years) not in education, employment or training",2020,4.7,Male,,%,Reanalysed,Free,End of fieldwork,15 to 19 years old
Estonia,EE,EST,233,"Percentage of adolescents (aged 15-19 years) not in education, employment or training",2020,4,Total,,%,Reanalysed,Free,End of fieldwork,15 to 19 years old
Swaziland,SZ,SWZ,748,"Percentage of adolescents (aged 15-19 years) not in education, employment or training",2016,24.5,Female,,%,Reanalysed,Free,End of fieldwork,15 to 19 years old
Swaziland,SZ,SWZ,748,"Percentage of adolescents (aged 15-19 years) not in education, employment or training",2016,16.6,Male,,%,Reanalysed,Free,End of fieldwork,15 to 19 years old
Swaziland,SZ,SWZ,748,"Percentage of adolescents (aged 15-19 years) not in education, employment or training",2016,20.4,Total,,%,Reanalysed,Free,End of fieldwork,15 to 19 years old
Ethiopia,ET,ETH,231,"Percentage of adolescents (aged 15-19 years) not in education, employment or training",2021,17.7,Female,,%,Reanalysed,Free,End of fieldwork,15 to 19 years old
Ethiopia,ET,ETH,231,"Percentage of adolescents (aged 15-19 years) not in education, employment or training",2021,8.9,Male,,%,Reanalysed,Free,End of fieldwork,15 to 19 years old
Ethiopia,ET,ETH,231,"Percentage of adolescents (aged 15-19 years) not in education, employment or training",2021,13.1,Total,,%,Reanalysed,Free,End of fieldwork,15 to 19 years old
Fiji,FJ,FJI,242,"Percentage of adolescents (aged 15-19 years) not in education, employment or training",2016,12.6,Female,,%,Reanalysed,Free,End of fieldwork,15 to 19 years old
Fiji,FJ,FJI,242,"Percentage of adolescents (aged 15-19 years) not in education, employment or training",2016,8,Male,,%,Reanalysed,Free,End of fieldwork,15 to 19 years old
Fiji,FJ,FJI,242,"Percentage of adolescents (aged 15-19 years) not in education, employment or training",2016,10.2,Total,,%,Reanalysed,Free,End of fieldwork,15 to 19 years old
France,FR,FRA,250,"Percentage of adolescents (aged 15-19 years) not in education, employment or training",2021,4.7,Female,,%,Reanalysed,Free,End of fieldwork,15 to 19 years old
France,FR,FRA,250,"Percentage of adolescents (aged 15-19 years) not in education, employment or training",2021,6.6,Male,,%,Reanalysed,Free,End of fieldwork,15 to 19 years old
France,FR,FRA,250,"Percentage of adolescents (aged 15-19 years) not in education, employment or training",2021,5.6,Total,,%,Reanalysed,Free,End of fieldwork,15 to 19 years old
Gambia,GM,GMB,270,"Percentage of adolescents (aged 15-19 years) not in education, employment or training",2018,22.3,Female,,%,Reanalysed,Free,End of fieldwork,15 to 19 years old
Gambia,GM,GMB,270,"Percentage of adolescents (aged 15-19 years) not in education, employment or training",2018,25.3,Male,,%,Reanalysed,Free,End of fieldwork,15 to 19 years old
Gambia,GM,GMB,270,"Percentage of adolescents (aged 15-19 years) not in education, employment or training",2018,23.8,Total,,%,Reanalysed,Free,End of fieldwork,15 to 19 years old
Georgia,GE,GEO,268,"Percentage of adolescents (aged 15-19 years) not in education, employment or training",2020,14.1,Female,,%,Reanalysed,Free,End of fieldwork,15 to 19 years old
Georgia,GE,GEO,268,"Percentage of adolescents (aged 15-19 years) not in education, employment or training",2020,17,Male,,%,Reanalysed,Free,End of fieldwork,15 to 19 years old
Georgia,GE,GEO,268,"Percentage of adolescents (aged 15-19 years) not in education, employment or training",2020,15.6,Total,,%,Reanalysed,Free,End of fieldwork,15 to 19 years old
Ghana,GH,GHA,288,"Percentage of adolescents (aged 15-19 years) not in education, employment or training",2017,20.7,Female,,%,Reanalysed,Free,End of fieldwork,15 to 19 years old
Ghana,GH,GHA,288,"Percentage of adolescents (aged 15-19 years) not in education, employment or training",2017,17.3,Male,,%,Reanalysed,Free,End of fieldwork,15 to 19 years old
Ghana,GH,GHA,288,"Percentage of adolescents (aged 15-19 years) not in education, employment or training",2017,18.9,Total,,%,Reanalysed,Free,End of fieldwork,15 to 19 years old
Greece,GR,GRC,300,"Percentage of adolescents (aged 15-19 years) not in education, employment or training",2021,4.9,Female,,%,Reanalysed,Free,End of fieldwork,15 to 19 years old
Greece,GR,GRC,300,"Percentage of adolescents (aged 15-19 years) not in education, employment or training",2021,6.2,Male,,%,Reanalysed,Free,End of fieldwork,15 to 19 years old
Greece,GR,GRC,300,"Percentage of adolescents (aged 15-19 years) not in education, employment or training",2021,5.6,Total,,%,Reanalysed,Free,End of fieldwork,15 to 19 years old
Guatemala,GT,GTM,320,"Percentage of adolescents (aged 15-19 years) not in education, employment or training",2019,39.9,Female,,%,Reanalysed,Free,End of fieldwork,15 to 19 years old
Guatemala,GT,GTM,320,"Percentage of adolescents (aged 15-19 years) not in education, employment or training",2019,9.8,Male,,%,Reanalysed,Free,End of fieldwork,15 to 19 years old
Guatemala,GT,GTM,320,"Percentage of adolescents (aged 15-19 years) not in education, employment or training",2019,25.2,Total,,%,Reanalysed,Free,End of fieldwork,15 to 19 years old
Guinea,GN,GIN,324,"Percentage of adolescents (aged 15-19 years) not in education, employment or training",2019,39.7,Female,,%,Reanalysed,Free,End of fieldwork,15 to 19 years old
Guinea,GN,GIN,324,"Percentage of adolescents (aged 15-19 years) not in education, employment or training",2019,26.5,Male,,%,Reanalysed,Free,End of fieldwork,15 to 19 years old
Guinea,GN,GIN,324,"Percentage of adolescents (aged 15-19 years) not in education, employment or training",2019,33.7,Total,,%,Reanalysed,Free,End of fieldwork,15 to 19 years old
Guinea-Bissau,GW,GNB,624,"Percentage of adolescents (aged 15-19 years) not in education, employment or training",2018,22.1,Female,,%,Reanalysed,Free,End of fieldwork,15 to 19 years old
Guinea-Bissau,GW,GNB,624,"Percentage of adolescents (aged 15-19 years) not in education, employment or training",2018,13,Male,,%,Reanalysed,Free,End of fieldwork,15 to 19 years old
Guinea-Bissau,GW,GNB,624,"Percentage of adolescents (aged 15-19 years) not in education, employment or training",2018,17.7,Total,,%,Reanalysed,Free,End of fieldwork,15 to 19 years old
Guyana,GY,GUY,328,"Percentage of adolescents (aged 15-19 years) not in education, employment or training",2019,48.8,Female,,%,Reanalysed,Free,End of fieldwork,15 to 19 years old
Guyana,GY,GUY,328,"Percentage of adolescents (aged 15-19 years) not in education, employment or training",2019,39.6,Male,,%,Reanalysed,Free,End of fieldwork,15 to 19 years old
Guyana,GY,GUY,328,"Percentage of adolescents (aged 15-19 years) not in education, employment or training",2019,44.2,Total,,%,Reanalysed,Free,End of fieldwork,15 to 19 years old
Haiti,HT,HTI,332,"Percentage of adolescents (aged 15-19 years) not in education, employment or training",2012,17.1,Female,,%,Reanalysed,Free,End of fieldwork,15 to 19 years old
Haiti,HT,HTI,332,"Percentage of adolescents (aged 15-19 years) not in education, employment or training",2012,7.5,Male,,%,Reanalysed,Free,End of fieldwork,15 to 19 years old
Haiti,HT,HTI,332,"Percentage of adolescents (aged 15-19 years) not in education, employment or training",2012,12.3,Total,,%,Reanalysed,Free,End of fieldwork,15 to 19 years old
Honduras,HN,HND,340,"Percentage of adolescents (aged 15-19 years) not in education, employment or training",2019,36.5,Female,,%,Reanalysed,Free,End of fieldwork,15 to 19 years old
Honduras,HN,HND,340,"Percentage of adolescents (aged 15-19 years) not in education, employment or training",2019,12.6,Male,,%,Reanalysed,Free,End of fieldwork,15 to 19 years old
Honduras,HN,HND,340,"Percentage of adolescents (aged 15-19 years) not in education, employment or training",2019,24.7,Total,,%,Reanalysed,Free,End of fieldwork,15 to 19 years old
Hungary,HU,HUN,348,"Percentage of adolescents (aged 15-19 years) not in education, employment or training",2021,6.2,Female,,%,Reanalysed,Free,End of fieldwork,15 to 19 years old
Hungary,HU,HUN,348,"Percentage of adolescents (aged 15-19 years) not in education, employment or training",2021,5.8,Male,,%,Reanalysed,Free,End of fieldwork,15 to 19 years old
Hungary,HU,HUN,348,"Percentage of adolescents (aged 15-19 years) not in education, employment or training",2021,6,Total,,%,Reanalysed,Free,End of fieldwork,15 to 19 years old
India,IN,IND,356,"Percentage of adolescents (aged 15-19 years) not in education, employment or training",2019,28.4,Female,,%,Reanalysed,Free,End of fieldwork,15 to 19 years old
India,IN,IND,356,"Percentage of adolescents (aged 15-19 years) not in education, employment or training",2019,12.6,Male,,%,Reanalysed,Free,End of fieldwork,15 to 19 years old
India,IN,IND,356,"Percentage of adolescents (aged 15-19 years) not in education, employment or training",2019,19.9,Total,,%,Reanalysed,Free,End of fieldwork,15 to 19 years old
Indonesia,ID,IDN,360,"Percentage of adolescents (aged 15-19 years) not in education, employment or training",2021,15,Female,,%,Reanalysed,Free,End of fieldwork,15 to 19 years old
Indonesia,ID,IDN,360,"Percentage of adolescents (aged 15-19 years) not in education, employment or training",2021,14.1,Male,,%,Reanalysed,Free,End of fieldwork,15 to 19 years old
Indonesia,ID,IDN,360,"Percentage of adolescents (aged 15-19 years) not in education, employment or training",2021,14.5,Total,,%,Reanalysed,Free,End of fieldwork,15 to 19 years old
"Iran, Islamic Republic of",IR,IRN,364,"Percentage of adolescents (aged 15-19 years) not in education, employment or training",2020,23.8,Female,,%,Reanalysed,Free,End of fieldwork,15 to 19 years old
"Iran, Islamic Republic of",IR,IRN,364,"Percentage of adolescents (aged 15-19 years) not in education, employment or training",2020,12.4,Male,,%,Reanalysed,Free,End of fieldwork,15 to 19 years old
"Iran, Islamic Republic of",IR,IRN,364,"Percentage of adolescents (aged 15-19 years) not in education, employment or training",2020,17.7,Total,,%,Reanalysed,Free,End of fieldwork,15 to 19 years old
Iraq,IQ,IRQ,368,"Percentage of adolescents (aged 15-19 years) not in education, employment or training",2021,38.2,Female,,%,Reanalysed,Free,End of fieldwork,15 to 19 years old
Iraq,IQ,IRQ,368,"Percentage of adolescents (aged 15-19 years) not in education, employment or training",2021,17,Male,,%,Reanalysed,Free,End of fieldwork,15 to 19 years old
Iraq,IQ,IRQ,368,"Percentage of adolescents (aged 15-19 years) not in education, employment or training",2021,27.2,Total,,%,Reanalysed,Free,End of fieldwork,15 to 19 years old
Jamaica,JM,JAM,388,"Percentage of adolescents (aged 15-19 years) not in education, employment or training",2020,24.9,Female,,%,Reanalysed,Free,End of fieldwork,15 to 19 years old
Jamaica,JM,JAM,388,"Percentage of adolescents (aged 15-19 years) not in education, employment or training",2020,25.5,Male,,%,Reanalysed,Free,End of fieldwork,15 to 19 years old
Jamaica,JM,JAM,388,"Percentage of adolescents (aged 15-19 years) not in education, employment or training",2020,25.2,Total,,%,Reanalysed,Free,End of fieldwork,15 to 19 years old
Jordan,JO,JOR,400,"Percentage of adolescents (aged 15-19 years) not in education, employment or training",2021,20.9,Female,,%,Reanalysed,Free,End of fieldwork,15 to 19 years old
Jordan,JO,JOR,400,"Percentage of adolescents (aged 15-19 years) not in education, employment or training",2021,21.5,Male,,%,Reanalysed,Free,End of fieldwork,15 to 19 years old
Jordan,JO,JOR,400,"Percentage of adolescents (aged 15-19 years) not in education, employment or training",2021,21.2,Total,,%,Reanalysed,Free,End of fieldwork,15 to 19 years old
Kenya,KE,KEN,404,"Percentage of adolescents (aged 15-19 years) not in education, employment or training",2019,13.2,Female,,%,Reanalysed,Free,End of fieldwork,15 to 19 years old
Kenya,KE,KEN,404,"Percentage of adolescents (aged 15-19 years) not in education, employment or training",2019,9.1,Male,,%,Reanalysed,Free,End of fieldwork,15 to 19 years old
Kenya,KE,KEN,404,"Percentage of adolescents (aged 15-19 years) not in education, employment or training",2019,11.1,Total,,%,Reanalysed,Free,End of fieldwork,15 to 19 years old
Kiribati,KI,KIR,296,"Percentage of adolescents (aged 15-19 years) not in education, employment or training",2019,26.4,Female,,%,Reanalysed,Free,End of fieldwork,15 to 19 years old
Kiribati,KI,KIR,296,"Percentage of adolescents (aged 15-19 years) not in education, employment or training",2019,43,Male,,%,Reanalysed,Free,End of fieldwork,15 to 19 years old
Kiribati,KI,KIR,296,"Percentage of adolescents (aged 15-19 years) not in education, employment or training",2019,35.2,Total,,%,Reanalysed,Free,End of fieldwork,15 to 19 years old
Kyrgyzstan,KG,KGZ,417,"Percentage of adolescents (aged 15-19 years) not in education, employment or training",2021,8.8,Female,,%,Reanalysed,Free,End of fieldwork,15 to 19 years old
Kyrgyzstan,KG,KGZ,417,"Percentage of adolescents (aged 15-19 years) not in education, employment or training",2021,7.6,Male,,%,Reanalysed,Free,End of fieldwork,15 to 19 years old
Kyrgyzstan,KG,KGZ,417,"Percentage of adolescents (aged 15-19 years) not in education, employment or training",2021,8.2,Total,,%,Reanalysed,Free,End of fieldwork,15 to 19 years old
Lao People's Democratic Republic,LA,LAO,418,"Percentage of adolescents (aged 15-19 years) not in education, employment or training",2017,21,Female,,%,Reanalysed,Free,End of fieldwork,15 to 19 years old
Lao People's Democratic Republic,LA,LAO,418,"Percentage of adolescents (aged 15-19 years) not in education, employment or training",2017,19.7,Male,,%,Reanalysed,Free,End of fieldwork,15 to 19 years old
Lao People's Democratic Republic,LA,LAO,418,"Percentage of adolescents (aged 15-19 years) not in education, employment or training",2017,20.3,Total,,%,Reanalysed,Free,End of fieldwork,15 to 19 years old
Lebanon,LB,LBN,422,"Percentage of adolescents (aged 15-19 years) not in education, employment or training",2019,20.1,Female,,%,Reanalysed,Free,End of fieldwork,15 to 19 years old
Lebanon,LB,LBN,422,"Percentage of adolescents (aged 15-19 years) not in education, employment or training",2019,15.4,Male,,%,Reanalysed,Free,End of fieldwork,15 to 19 years old
Lebanon,LB,LBN,422,"Percentage of adolescents (aged 15-19 years) not in education, employment or training",2019,17.8,Total,,%,Reanalysed,Free,End of fieldwork,15 to 19 years old
Lesotho,LS,LSO,426,"Percentage of adolescents (aged 15-19 years) not in education, employment or training",2019,30.3,Female,,%,Reanalysed,Free,End of fieldwork,15 to 19 years old
Lesotho,LS,LSO,426,"Percentage of adolescents (aged 15-19 years) not in education, employment or training",2019,21.5,Male,,%,Reanalysed,Free,End of fieldwork,15 to 19 years old
Lesotho,LS,LSO,426,"Percentage of adolescents (aged 15-19 years) not in education, employment or training",2019,25.8,Total,,%,Reanalysed,Free,End of fieldwork,15 to 19 years old
Liberia,LR,LBR,430,"Percentage of adolescents (aged 15-19 years) not in education, employment or training",2017,36,Female,,%,Reanalysed,Free,End of fieldwork,15 to 19 years old
Liberia,LR,LBR,430,"Percentage of adolescents (aged 15-19 years) not in education, employment or training",2017,36.5,Male,,%,Reanalysed,Free,End of fieldwork,15 to 19 years old
Liberia,LR,LBR,430,"Percentage of adolescents (aged 15-19 years) not in education, employment or training",2017,36.3,Total,,%,Reanalysed,Free,End of fieldwork,15 to 19 years old
Madagascar,MG,MDG,450,"Percentage of adolescents (aged 15-19 years) not in education, employment or training",2012,3.4,Female,,%,Reanalysed,Free,End of fieldwork,15 to 19 years old
Madagascar,MG,MDG,450,"Percentage of adolescents (aged 15-19 years) not in education, employment or training",2012,3.3,Male,,%,Reanalysed,Free,End of fieldwork,15 to 19 years old
Madagascar,MG,MDG,450,"Percentage of adolescents (aged 15-19 years) not in education, employment or training",2012,3.3,Total,,%,Reanalysed,Free,End of fieldwork,15 to 19 years old
Malawi,MW,MWI,454,"Percentage of adolescents (aged 15-19 years) not in education, employment or training",2020,16.4,Female,,%,Reanalysed,Free,End of fieldwork,15 to 19 years old
Malawi,MW,MWI,454,"Percentage of adolescents (aged 15-19 years) not in education, employment or training",2020,10.3,Male,,%,Reanalysed,Free,End of fieldwork,15 to 19 years old
Malawi,MW,MWI,454,"Percentage of adolescents (aged 15-19 years) not in education, employment or training",2020,13.3,Total,,%,Reanalysed,Free,End of fieldwork,15 to 19 years old
Maldives,MV,MDV,462,"Percentage of adolescents (aged 15-19 years) not in education, employment or training",2019,26.2,Female,,%,Reanalysed,Free,End of fieldwork,15 to 19 years old
Maldives,MV,MDV,462,"Percentage of adolescents (aged 15-19 years) not in education, employment or training",2019,29.5,Male,,%,Reanalysed,Free,End of fieldwork,15 to 19 years old
Maldives,MV,MDV,462,"Percentage of adolescents (aged 15-19 years) not in education, employment or training",2019,27.9,Total,,%,Reanalysed,Free,End of fieldwork,15 to 19 years old
Mali,ML,MLI,466,"Percentage of adolescents (aged 15-19 years) not in education, employment or training",2020,36.2,Female,,%,Reanalysed,Free,End of fieldwork,15 to 19 years old
Mali,ML,MLI,466,"Percentage of adolescents (aged 15-19 years) not in education, employment or training",2020,16.2,Male,,%,Reanalysed,Free,End of fieldwork,15 to 19 years old
Mali,ML,MLI,466,"Percentage of adolescents (aged 15-19 years) not in education, employment or training",2020,26.4,Total,,%,Reanalysed,Free,End of fieldwork,15 to 19 years old
Malta,MT,MLT,470,"Percentage of adolescents (aged 15-19 years) not in education, employment or training",2021,21.7,Female,,%,Reanalysed,Free,End of fieldwork,15 to 19 years old
Malta,MT,MLT,470,"Percentage of adolescents (aged 15-19 years) not in education, employment or training",2021,17.3,Male,,%,Reanalysed,Free,End of fieldwork,15 to 19 years old
Malta,MT,MLT,470,"Percentage of adolescents (aged 15-19 years) not in education, employment or training",2021,19.5,Total,,%,Reanalysed,Free,End of fieldwork,15 to 19 years old
Marshall Islands,MH,MHL,584,"Percentage of adolescents (aged 15-19 years) not in education, employment or training",2019,22.7,Female,,%,Reanalysed,Free,End of fieldwork,15 to 19 years old
Marshall Islands,MH,MHL,584,"Percentage of adolescents (aged 15-19 years) not in education, employment or training",2019,31,Male,,%,Reanalysed,Free,End of fieldwork,15 to 19 years old
Marshall Islands,MH,MHL,584,"Percentage of adolescents (aged 15-19 years) not in education, employment or training",2019,27,Total,,%,Reanalysed,Free,End of fieldwork,15 to 19 years old
Mauritania,MR,MRT,478,"Percentage of adolescents (aged 15-19 years) not in education, employment or training",2019,43.8,Female,,%,Reanalysed,Free,End of fieldwork,15 to 19 years old
Mauritania,MR,MRT,478,"Percentage of adolescents (aged 15-19 years) not in education, employment or training",2019,29.4,Male,,%,Reanalysed,Free,End of fieldwork,15 to 19 years old
Mauritania,MR,MRT,478,"Percentage of adolescents (aged 15-19 years) not in education, employment or training",2019,36.7,Total,,%,Reanalysed,Free,End of fieldwork,15 to 19 years old
Mauritius,MU,MUS,480,"Percentage of adolescents (aged 15-19 years) not in education, employment or training",2021,24.3,Female,,%,Reanalysed,Free,End of fieldwork,16 to 19 years old
Mauritius,MU,MUS,480,"Percentage of adolescents (aged 15-19 years) not in education, employment or training",2021,21.6,Male,,%,Reanalysed,Free,End of fieldwork,16 to 19 years old
Mauritius,MU,MUS,480,"Percentage of adolescents (aged 15-19 years) not in education, employment or training",2021,22.9,Total,,%,Reanalysed,Free,End of fieldwork,16 to 19 years old
Mexico,MX,MEX,484,"Percentage of adolescents (aged 15-19 years) not in education, employment or training",2021,19.4,Female,,%,Reanalysed,Free,End of fieldwork,15 to 19 years old
Mexico,MX,MEX,484,"Percentage of adolescents (aged 15-19 years) not in education, employment or training",2021,9,Male,,%,Reanalysed,Free,End of fieldwork,15 to 19 years old
Mexico,MX,MEX,484,"Percentage of adolescents (aged 15-19 years) not in education, employment or training",2021,14.1,Total,,%,Reanalysed,Free,End of fieldwork,15 to 19 years old
"Micronesia, Federated States of",FM,FSM,583,"Percentage of adolescents (aged 15-19 years) not in education, employment or training",2014,22.6,Female,,%,Reanalysed,Free,End of fieldwork,15 to 19 years old
"Micronesia, Federated States of",FM,FSM,583,"Percentage of adolescents (aged 15-19 years) not in education, employment or training",2014,18.4,Male,,%,Reanalysed,Free,End of fieldwork,15 to 19 years old
"Micronesia, Federated States of",FM,FSM,583,"Percentage of adolescents (aged 15-19 years) not in education, employment or training",2014,20.5,Total,,%,Reanalysed,Free,End of fieldwork,15 to 19 years old
Mongolia,MN,MNG,496,"Percentage of adolescents (aged 15-19 years) not in education, employment or training",2021,6.7,Female,,%,Reanalysed,Free,End of fieldwork,15 to 19 years old
Mongolia,MN,MNG,496,"Percentage of adolescents (aged 15-19 years) not in education, employment or training",2021,10.7,Male,,%,Reanalysed,Free,End of fieldwork,15 to 19 years old
Mongolia,MN,MNG,496,"Percentage of adolescents (aged 15-19 years) not in education, employment or training",2021,8.7,Total,,%,Reanalysed,Free,End of fieldwork,15 to 19 years old
Montenegro,ME,MNE,499,"Percentage of adolescents (aged 15-19 years) not in education, employment or training",2020,10.4,Female,,%,Reanalysed,Free,End of fieldwork,15 to 19 years old
Montenegro,ME,MNE,499,"Percentage of adolescents (aged 15-19 years) not in education, employment or training",2020,12,Male,,%,Reanalysed,Free,End of fieldwork,15 to 19 years old
Montenegro,ME,MNE,499,"Percentage of adolescents (aged 15-19 years) not in education, employment or training",2020,11.2,Total,,%,Reanalysed,Free,End of fieldwork,15 to 19 years old
Myanmar,MM,MMR,104,"Percentage of adolescents (aged 15-19 years) not in education, employment or training",2020,11.7,Female,,%,Reanalysed,Free,End of fieldwork,15 to 19 years old
Burma,MM,MMR,104,"Percentage of adolescents (aged 15-19 years) not in education, employment or training",2020,11.7,Female,,%,Reanalysed,Free,End of fieldwork,15 to 19 years old
Myanmar,MM,MMR,104,"Percentage of adolescents (aged 15-19 years) not in education, employment or training",2020,8.5,Male,,%,Reanalysed,Free,End of fieldwork,15 to 19 years old
Burma,MM,MMR,104,"Percentage of adolescents (aged 15-19 years) not in education, employment or training",2020,8.5,Male,,%,Reanalysed,Free,End of fieldwork,15 to 19 years old
Myanmar,MM,MMR,104,"Percentage of adolescents (aged 15-19 years) not in education, employment or training",2020,10.1,Total,,%,Reanalysed,Free,End of fieldwork,15 to 19 years old
Burma,MM,MMR,104,"Percentage of adolescents (aged 15-19 years) not in education, employment or training",2020,10.1,Total,,%,Reanalysed,Free,End of fieldwork,15 to 19 years old
Namibia,,NAM,516,"Percentage of adolescents (aged 15-19 years) not in education, employment or training",2018,20.2,Female,,%,Reanalysed,Free,End of fieldwork,15 to 19 years old
Namibia,,NAM,516,"Percentage of adolescents (aged 15-19 years) not in education, employment or training",2018,16.9,Male,,%,Reanalysed,Free,End of fieldwork,15 to 19 years old
Namibia,,NAM,516,"Percentage of adolescents (aged 15-19 years) not in education, employment or training",2018,18.5,Total,,%,Reanalysed,Free,End of fieldwork,15 to 19 years old
Nauru,NR,NRU,520,"Percentage of adolescents (aged 15-19 years) not in education, employment or training",2013,38.5,Female,,%,Reanalysed,Free,End of fieldwork,15 to 19 years old
Nauru,NR,NRU,520,"Percentage of adolescents (aged 15-19 years) not in education, employment or training",2013,21.5,Male,,%,Reanalysed,Free,End of fieldwork,15 to 19 years old
Nauru,NR,NRU,520,"Percentage of adolescents (aged 15-19 years) not in education, employment or training",2013,29.6,Total,,%,Reanalysed,Free,End of fieldwork,15 to 19 years old
Nepal,NP,NPL,524,"Percentage of adolescents (aged 15-19 years) not in education, employment or training",2017,29.9,Female,,%,Reanalysed,Free,End of fieldwork,15 to 19 years old
Nepal,NP,NPL,524,"Percentage of adolescents (aged 15-19 years) not in education, employment or training",2017,15.5,Male,,%,Reanalysed,Free,End of fieldwork,15 to 19 years old
Nepal,NP,NPL,524,"Percentage of adolescents (aged 15-19 years) not in education, employment or training",2017,23,Total,,%,Reanalysed,Free,End of fieldwork,15 to 19 years old
New Caledonia,NC,NCL,540,"Percentage of adolescents (aged 15-19 years) not in education, employment or training",2020,18.1,Female,,%,Reanalysed,Free,End of fieldwork,15 to 19 years old
New Caledonia,NC,NCL,540,"Percentage of adolescents (aged 15-19 years) not in education, employment or training",2020,24.2,Male,,%,Reanalysed,Free,End of fieldwork,15 to 19 years old
New Caledonia,NC,NCL,540,"Percentage of adolescents (aged 15-19 years) not in education, employment or training",2020,21.2,Total,,%,Reanalysed,Free,End of fieldwork,15 to 19 years old
Nicaragua,NI,NIC,558,"Percentage of adolescents (aged 15-19 years) not in education, employment or training",2014,32,Female,,%,Reanalysed,Free,End of fieldwork,15 to 19 years old
Nicaragua,NI,NIC,558,"Percentage of adolescents (aged 15-19 years) not in education, employment or training",2014,7.4,Male,,%,Reanalysed,Free,End of fieldwork,15 to 19 years old
Nicaragua,NI,NIC,558,"Percentage of adolescents (aged 15-19 years) not in education, employment or training",2014,19.7,Total,,%,Reanalysed,Free,End of fieldwork,15 to 19 years old
Niger,NE,NER,562,"Percentage of adolescents (aged 15-19 years) not in education, employment or training",2017,71.5,Female,,%,Reanalysed,Free,End of fieldwork,15 to 19 years old
Niger,NE,NER,562,"Percentage of adolescents (aged 15-19 years) not in education, employment or training",2017,57.2,Male,,%,Reanalysed,Free,End of fieldwork,15 to 19 years old
Niger,NE,NER,562,"Percentage of adolescents (aged 15-19 years) not in education, employment or training",2017,64.8,Total,,%,Reanalysed,Free,End of fieldwork,15 to 19 years old
Nigeria,NG,NGA,566,"Percentage of adolescents (aged 15-19 years) not in education, employment or training",2019,34.2,Female,,%,Reanalysed,Free,End of fieldwork,15 to 19 years old
Nigeria,NG,NGA,566,"Percentage of adolescents (aged 15-19 years) not in education, employment or training",2019,24.1,Male,,%,Reanalysed,Free,End of fieldwork,15 to 19 years old
Nigeria,NG,NGA,566,"Percentage of adolescents (aged 15-19 years) not in education, employment or training",2019,28.9,Total,,%,Reanalysed,Free,End of fieldwork,15 to 19 years old
"Macedonia, the former Yugoslav Republic of",MK,MKD,807,"Percentage of adolescents (aged 15-19 years) not in education, employment or training",2021,8.1,Female,,%,Reanalysed,Free,End of fieldwork,15 to 19 years old
"Macedonia, the former Yugoslav Republic of",MK,MKD,807,"Percentage of adolescents (aged 15-19 years) not in education, employment or training",2021,8.8,Male,,%,Reanalysed,Free,End of fieldwork,15 to 19 years old
"Macedonia, the former Yugoslav Republic of",MK,MKD,807,"Percentage of adolescents (aged 15-19 years) not in education, employment or training",2021,8.4,Total,,%,Reanalysed,Free,End of fieldwork,15 to 19 years old
Pakistan,PK,PAK,586,"Percentage of adolescents (aged 15-19 years) not in education, employment or training",2021,46,Female,,%,Reanalysed,Free,End of fieldwork,15 to 19 years old
Pakistan,PK,PAK,586,"Percentage of adolescents (aged 15-19 years) not in education, employment or training",2021,14.3,Male,,%,Reanalysed,Free,End of fieldwork,15 to 19 years old
Pakistan,PK,PAK,586,"Percentage of adolescents (aged 15-19 years) not in education, employment or training",2021,29.3,Total,,%,Reanalysed,Free,End of fieldwork,15 to 19 years old
Panama,PA,PAN,591,"Percentage of adolescents (aged 15-19 years) not in education, employment or training",2021,12.2,Female,,%,Reanalysed,Free,End of fieldwork,15 to 19 years old
Panama,PA,PAN,591,"Percentage of adolescents (aged 15-19 years) not in education, employment or training",2021,11.5,Male,,%,Reanalysed,Free,End of fieldwork,15 to 19 years old
Panama,PA,PAN,591,"Percentage of adolescents (aged 15-19 years) not in education, employment or training",2021,11.9,Total,,%,Reanalysed,Free,End of fieldwork,15 to 19 years old
Papua New Guinea,PG,PNG,598,"Percentage of adolescents (aged 15-19 years) not in education, employment or training",2010,30.1,Female,,%,Reanalysed,Free,End of fieldwork,15 to 19 years old
Papua New Guinea,PG,PNG,598,"Percentage of adolescents (aged 15-19 years) not in education, employment or training",2010,26.3,Male,,%,Reanalysed,Free,End of fieldwork,15 to 19 years old
Papua New Guinea,PG,PNG,598,"Percentage of adolescents (aged 15-19 years) not in education, employment or training",2010,28.1,Total,,%,Reanalysed,Free,End of fieldwork,15 to 19 years old
Paraguay,PY,PRY,600,"Percentage of adolescents (aged 15-19 years) not in education, employment or training",2017,23,Female,,%,Reanalysed,Free,End of fieldwork,15 to 19 years old
Paraguay,PY,PRY,600,"Percentage of adolescents (aged 15-19 years) not in education, employment or training",2017,10.6,Male,,%,Reanalysed,Free,End of fieldwork,15 to 19 years old
Paraguay,PY,PRY,600,"Percentage of adolescents (aged 15-19 years) not in education, employment or training",2017,16.5,Total,,%,Reanalysed,Free,End of fieldwork,15 to 19 years old
Peru,PE,PER,604,"Percentage of adolescents (aged 15-19 years) not in education, employment or training",2021,22.9,Female,,%,Reanalysed,Free,End of fieldwork,15 to 19 years old
Peru,PE,PER,604,"Percentage of adolescents (aged 15-19 years) not in education, employment or training",2021,18.9,Male,,%,Reanalysed,Free,End of fieldwork,15 to 19 years old
Peru,PE,PER,604,"Percentage of adolescents (aged 15-19 years) not in education, employment or training",2021,20.8,Total,,%,Reanalysed,Free,End of fieldwork,15 to 19 years old
Philippines,PH,PHL,608,"Percentage of adolescents (aged 15-19 years) not in education, employment or training",2021,8.8,Female,,%,Reanalysed,Free,End of fieldwork,15 to 19 years old
Philippines,PH,PHL,608,"Percentage of adolescents (aged 15-19 years) not in education, employment or training",2021,8.5,Male,,%,Reanalysed,Free,End of fieldwork,15 to 19 years old
Philippines,PH,PHL,608,"Percentage of adolescents (aged 15-19 years) not in education, employment or training",2021,8.6,Total,,%,Reanalysed,Free,End of fieldwork,15 to 19 years old
"Moldova, Republic of",MD,MDA,498,"Percentage of adolescents (aged 15-19 years) not in education, employment or training",2021,4.1,Female,,%,Reanalysed,Free,End of fieldwork,15 to 19 years old
"Moldova, Republic of",MD,MDA,498,"Percentage of adolescents (aged 15-19 years) not in education, employment or training",2021,5,Male,,%,Reanalysed,Free,End of fieldwork,15 to 19 years old
"Moldova, Republic of",MD,MDA,498,"Percentage of adolescents (aged 15-19 years) not in education, employment or training",2021,4.6,Total,,%,Reanalysed,Free,End of fieldwork,15 to 19 years old
Rwanda,RW,RWA,646,"Percentage of adolescents (aged 15-19 years) not in education, employment or training",2021,22.8,Female,,%,Reanalysed,Free,End of fieldwork,15 to 19 years old
Rwanda,RW,RWA,646,"Percentage of adolescents (aged 15-19 years) not in education, employment or training",2021,24.6,Male,,%,Reanalysed,Free,End of fieldwork,15 to 19 years old
Rwanda,RW,RWA,646,"Percentage of adolescents (aged 15-19 years) not in education, employment or training",2021,23.7,Total,,%,Reanalysed,Free,End of fieldwork,15 to 19 years old
Saint Lucia,LC,LCA,662,"Percentage of adolescents (aged 15-19 years) not in education, employment or training",2021,30.1,Female,,%,Reanalysed,Free,End of fieldwork,15 to 19 years old
Saint Lucia,LC,LCA,662,"Percentage of adolescents (aged 15-19 years) not in education, employment or training",2021,34,Male,,%,Reanalysed,Free,End of fieldwork,15 to 19 years old
Saint Lucia,LC,LCA,662,"Percentage of adolescents (aged 15-19 years) not in education, employment or training",2021,32.2,Total,,%,Reanalysed,Free,End of fieldwork,15 to 19 years old
Samoa,WS,WSM,882,"Percentage of adolescents (aged 15-19 years) not in education, employment or training",2017,18.7,Female,,%,Reanalysed,Free,End of fieldwork,15 to 19 years old
Samoa,WS,WSM,882,"Percentage of adolescents (aged 15-19 years) not in education, employment or training",2017,16.8,Male,,%,Reanalysed,Free,End of fieldwork,15 to 19 years old
Samoa,WS,WSM,882,"Percentage of adolescents (aged 15-19 years) not in education, employment or training",2017,17.7,Total,,%,Reanalysed,Free,End of fieldwork,15 to 19 years old
Senegal,SN,SEN,686,"Percentage of adolescents (aged 15-19 years) not in education, employment or training",2019,37.3,Female,,%,Reanalysed,Free,End of fieldwork,15 to 19 years old
Senegal,SN,SEN,686,"Percentage of adolescents (aged 15-19 years) not in education, employment or training",2019,20.8,Male,,%,Reanalysed,Free,End of fieldwork,15 to 19 years old
Senegal,SN,SEN,686,"Percentage of adolescents (aged 15-19 years) not in education, employment or training",2019,28.8,Total,,%,Reanalysed,Free,End of fieldwork,15 to 19 years old
Serbia,RS,SRB,688,"Percentage of adolescents (aged 15-19 years) not in education, employment or training",2021,9.9,Female,,%,Reanalysed,Free,End of fieldwork,15 to 19 years old
Serbia,RS,SRB,688,"Percentage of adolescents (aged 15-19 years) not in education, employment or training",2021,10.7,Male,,%,Reanalysed,Free,End of fieldwork,15 to 19 years old
Serbia,RS,SRB,688,"Percentage of adolescents (aged 15-19 years) not in education, employment or training",2021,10.3,Total,,%,Reanalysed,Free,End of fieldwork,15 to 19 years old
Seychelles,SC,SYC,690,"Percentage of adolescents (aged 15-19 years) not in education, employment or training",2020,22.6,Female,,%,Reanalysed,Free,End of fieldwork,15 to 19 years old
Seychelles,SC,SYC,690,"Percentage of adolescents (aged 15-19 years) not in education, employment or training",2020,30.9,Male,,%,Reanalysed,Free,End of fieldwork,15 to 19 years old
Seychelles,SC,SYC,690,"Percentage of adolescents (aged 15-19 years) not in education, employment or training",2020,26.9,Total,,%,Reanalysed,Free,End of fieldwork,15 to 19 years old
Sierra Leone,SL,SLE,694,"Percentage of adolescents (aged 15-19 years) not in education, employment or training",2018,28,Female,,%,Reanalysed,Free,End of fieldwork,15 to 19 years old
Sierra Leone,SL,SLE,694,"Percentage of adolescents (aged 15-19 years) not in education, employment or training",2018,24.2,Male,,%,Reanalysed,Free,End of fieldwork,15 to 19 years old
Sierra Leone,SL,SLE,694,"Percentage of adolescents (aged 15-19 years) not in education, employment or training",2018,26.2,Total,,%,Reanalysed,Free,End of fieldwork,15 to 19 years old
Singapore,SG,SGP,702,"Percentage of adolescents (aged 15-19 years) not in education, employment or training",2021,2.1,Female,,%,Reanalysed,Free,End of fieldwork,15 to 19 years old
Singapore,SG,SGP,702,"Percentage of adolescents (aged 15-19 years) not in education, employment or training",2021,3.9,Male,,%,Reanalysed,Free,End of fieldwork,15 to 19 years old
Singapore,SG,SGP,702,"Percentage of adolescents (aged 15-19 years) not in education, employment or training",2021,3,Total,,%,Reanalysed,Free,End of fieldwork,15 to 19 years old
Slovakia,SK,SVK,703,"Percentage of adolescents (aged 15-19 years) not in education, employment or training",2021,5,Female,,%,Reanalysed,Free,End of fieldwork,15 to 19 years old
Slovakia,SK,SVK,703,"Percentage of adolescents (aged 15-19 years) not in education, employment or training",2021,5.8,Male,,%,Reanalysed,Free,End of fieldwork,15 to 19 years old
Slovakia,SK,SVK,703,"Percentage of adolescents (aged 15-19 years) not in education, employment or training",2021,5.4,Total,,%,Reanalysed,Free,End of fieldwork,15 to 19 years old
Slovenia,SI,SVN,705,"Percentage of adolescents (aged 15-19 years) not in education, employment or training",2020,3.9,Female,,%,Reanalysed,Free,End of fieldwork,15 to 19 years old
Slovenia,SI,SVN,705,"Percentage of adolescents (aged 15-19 years) not in education, employment or training",2020,3,Male,,%,Reanalysed,Free,End of fieldwork,15 to 19 years old
Slovenia,SI,SVN,705,"Percentage of adolescents (aged 15-19 years) not in education, employment or training",2020,3.4,Total,,%,Reanalysed,Free,End of fieldwork,15 to 19 years old
Solomon Islands,SB,SLB,90,"Percentage of adolescents (aged 15-19 years) not in education, employment or training",2013,6.4,Female,,%,Reanalysed,Free,End of fieldwork,15 to 19 years old
Solomon Islands,SB,SLB,90,"Percentage of adolescents (aged 15-19 years) not in education, employment or training",2013,4.6,Male,,%,Reanalysed,Free,End of fieldwork,15 to 19 years old
Solomon Islands,SB,SLB,90,"Percentage of adolescents (aged 15-19 years) not in education, employment or training",2013,5.5,Total,,%,Reanalysed,Free,End of fieldwork,15 to 19 years old
Somalia,SO,SOM,706,"Percentage of adolescents (aged 15-19 years) not in education, employment or training",2019,39.5,Female,,%,Reanalysed,Free,End of fieldwork,15 to 19 years old
Somalia,SO,SOM,706,"Percentage of adolescents (aged 15-19 years) not in education, employment or training",2019,33.5,Male,,%,Reanalysed,Free,End of fieldwork,15 to 19 years old
Somalia,SO,SOM,706,"Percentage of adolescents (aged 15-19 years) not in education, employment or training",2019,36.5,Total,,%,Reanalysed,Free,End of fieldwork,15 to 19 years old
South Africa,ZA,ZAF,710,"Percentage of adolescents (aged 15-19 years) not in education, employment or training",2021,11,Female,,%,Reanalysed,Free,End of fieldwork,15 to 19 years old
South Africa,ZA,ZAF,710,"Percentage of adolescents (aged 15-19 years) not in education, employment or training",2021,10.7,Male,,%,Reanalysed,Free,End of fieldwork,15 to 19 years old
South Africa,ZA,ZAF,710,"Percentage of adolescents (aged 15-19 years) not in education, employment or training",2021,10.9,Total,,%,Reanalysed,Free,End of fieldwork,15 to 19 years old
Sri Lanka,LK,LKA,144,"Percentage of adolescents (aged 15-19 years) not in education, employment or training",2020,12.3,Female,,%,Reanalysed,Free,End of fieldwork,15 to 19 years old
Sri Lanka,LK,LKA,144,"Percentage of adolescents (aged 15-19 years) not in education, employment or training",2020,10.8,Male,,%,Reanalysed,Free,End of fieldwork,15 to 19 years old
Sri Lanka,LK,LKA,144,"Percentage of adolescents (aged 15-19 years) not in education, employment or training",2020,11.6,Total,,%,Reanalysed,Free,End of fieldwork,15 to 19 years old
"Palestinian Territory, Occupied",PS,PSE,275,"Percentage of adolescents (aged 15-19 years) not in education, employment or training",2021,13.7,Female,,%,Reanalysed,Free,End of fieldwork,15 to 19 years old
"Palestinian Territory, Occupied",PS,PSE,275,"Percentage of adolescents (aged 15-19 years) not in education, employment or training",2021,20.7,Male,,%,Reanalysed,Free,End of fieldwork,15 to 19 years old
"Palestinian Territory, Occupied",PS,PSE,275,"Percentage of adolescents (aged 15-19 years) not in education, employment or training",2021,17.3,Total,,%,Reanalysed,Free,End of fieldwork,15 to 19 years old
Sudan,SD,SDN,736,"Percentage of adolescents (aged 15-19 years) not in education, employment or training",2011,33.1,Female,,%,Reanalysed,Free,End of fieldwork,15 to 19 years old
Sudan,SD,SDN,736,"Percentage of adolescents (aged 15-19 years) not in education, employment or training",2011,17.2,Male,,%,Reanalysed,Free,End of fieldwork,15 to 19 years old
Sudan,SD,SDN,736,"Percentage of adolescents (aged 15-19 years) not in education, employment or training",2011,24.9,Total,,%,Reanalysed,Free,End of fieldwork,15 to 19 years old
Suriname,SR,SUR,740,"Percentage of adolescents (aged 15-19 years) not in education, employment or training",2016,10.7,Female,,%,Reanalysed,Free,End of fieldwork,15 to 19 years old
Suriname,SR,SUR,740,"Percentage of adolescents (aged 15-19 years) not in education, employment or training",2016,10.7,Male,,%,Reanalysed,Free,End of fieldwork,15 to 19 years old
Suriname,SR,SUR,740,"Percentage of adolescents (aged 15-19 years) not in education, employment or training",2016,10.7,Total,,%,Reanalysed,Free,End of fieldwork,15 to 19 years old
Switzerland,CH,CHE,756,"Percentage of adolescents (aged 15-19 years) not in education, employment or training",2021,9.7,Female,,%,Reanalysed,Free,End of fieldwork,15 to 19 years old
Switzerland,CH,CHE,756,"Percentage of adolescents (aged 15-19 years) not in education, employment or training",2021,11.4,Male,,%,Reanalysed,Free,End of fieldwork,15 to 19 years old
Switzerland,CH,CHE,756,"Percentage of adolescents (aged 15-19 years) not in education, employment or training",2021,10.6,Total,,%,Reanalysed,Free,End of fieldwork,15 to 19 years old
Thailand,TH,THA,764,"Percentage of adolescents (aged 15-19 years) not in education, employment or training",2021,8.5,Female,,%,Reanalysed,Free,End of fieldwork,15 to 19 years old
Thailand,TH,THA,764,"Percentage of adolescents (aged 15-19 years) not in education, employment or training",2021,8.4,Male,,%,Reanalysed,Free,End of fieldwork,15 to 19 years old
Thailand,TH,THA,764,"Percentage of adolescents (aged 15-19 years) not in education, employment or training",2021,8.5,Total,,%,Reanalysed,Free,End of fieldwork,15 to 19 years old
Timor-Leste,TL,TLS,626,"Percentage of adolescents (aged 15-19 years) not in education, employment or training",2016,15.1,Female,,%,Reanalysed,Free,End of fieldwork,15 to 19 years old
Timor-Leste,TL,TLS,626,"Percentage of adolescents (aged 15-19 years) not in education, employment or training",2016,10.5,Male,,%,Reanalysed,Free,End of fieldwork,15 to 19 years old
Timor-Leste,TL,TLS,626,"Percentage of adolescents (aged 15-19 years) not in education, employment or training",2016,12.8,Total,,%,Reanalysed,Free,End of fieldwork,15 to 19 years old
Togo,TG,TGO,768,"Percentage of adolescents (aged 15-19 years) not in education, employment or training",2017,24.6,Female,,%,Reanalysed,Free,End of fieldwork,15 to 19 years old
Togo,TG,TGO,768,"Percentage of adolescents (aged 15-19 years) not in education, employment or training",2017,14.5,Male,,%,Reanalysed,Free,End of fieldwork,15 to 19 years old
Togo,TG,TGO,768,"Percentage of adolescents (aged 15-19 years) not in education, employment or training",2017,19.4,Total,,%,Reanalysed,Free,End of fieldwork,15 to 19 years old
Tonga,TO,TON,776,"Percentage of adolescents (aged 15-19 years) not in education, employment or training",2018,15.8,Female,,%,Reanalysed,Free,End of fieldwork,15 to 19 years old
Tonga,TO,TON,776,"Percentage of adolescents (aged 15-19 years) not in education, employment or training",2018,20.3,Male,,%,Reanalysed,Free,End of fieldwork,15 to 19 years old
Tonga,TO,TON,776,"Percentage of adolescents (aged 15-19 years) not in education, employment or training",2018,18,Total,,%,Reanalysed,Free,End of fieldwork,15 to 19 years old
Trinidad and Tobago,TT,TTO,780,"Percentage of adolescents (aged 15-19 years) not in education, employment or training",2021,11,Female,,%,Reanalysed,Free,End of fieldwork,15 to 19 years old
Trinidad and Tobago,TT,TTO,780,"Percentage of adolescents (aged 15-19 years) not in education, employment or training",2021,9.9,Male,,%,Reanalysed,Free,End of fieldwork,15 to 19 years old
Trinidad and Tobago,TT,TTO,780,"Percentage of adolescents (aged 15-19 years) not in education, employment or training",2021,10.4,Total,,%,Reanalysed,Free,End of fieldwork,15 to 19 years old
Tunisia,TN,TUN,788,"Percentage of adolescents (aged 15-19 years) not in education, employment or training",2014,18.4,Female,,%,Reanalysed,Free,End of fieldwork,15 to 19 years old
Tunisia,TN,TUN,788,"Percentage of adolescents (aged 15-19 years) not in education, employment or training",2014,19.3,Male,,%,Reanalysed,Free,End of fieldwork,15 to 19 years old
Tunisia,TN,TUN,788,"Percentage of adolescents (aged 15-19 years) not in education, employment or training",2014,18.8,Total,,%,Reanalysed,Free,End of fieldwork,15 to 19 years old
Tuvalu,TV,TUV,798,"Percentage of adolescents (aged 15-19 years) not in education, employment or training",2016,29.1,Female,,%,Reanalysed,Free,End of fieldwork,15 to 19 years old
Tuvalu,TV,TUV,798,"Percentage of adolescents (aged 15-19 years) not in education, employment or training",2016,17,Male,,%,Reanalysed,Free,End of fieldwork,15 to 19 years old
Tuvalu,TV,TUV,798,"Percentage of adolescents (aged 15-19 years) not in education, employment or training",2016,22.3,Total,,%,Reanalysed,Free,End of fieldwork,15 to 19 years old
Turkey,TR,TUR,792,"Percentage of adolescents (aged 15-19 years) not in education, employment or training",2021,20.8,Female,,%,Reanalysed,Free,End of fieldwork,15 to 19 years old
Turkey,TR,TUR,792,"Percentage of adolescents (aged 15-19 years) not in education, employment or training",2021,13.3,Male,,%,Reanalysed,Free,End of fieldwork,15 to 19 years old
Turkey,TR,TUR,792,"Percentage of adolescents (aged 15-19 years) not in education, employment or training",2021,16.9,Total,,%,Reanalysed,Free,End of fieldwork,15 to 19 years old
Uganda,UG,UGA,800,"Percentage of adolescents (aged 15-19 years) not in education, employment or training",2017,18.1,Female,,%,Reanalysed,Free,End of fieldwork,15 to 19 years old
Uganda,UG,UGA,800,"Percentage of adolescents (aged 15-19 years) not in education, employment or training",2017,13.6,Male,,%,Reanalysed,Free,End of fieldwork,15 to 19 years old
Uganda,UG,UGA,800,"Percentage of adolescents (aged 15-19 years) not in education, employment or training",2017,15.9,Total,,%,Reanalysed,Free,End of fieldwork,15 to 19 years old
"Tanzania, United Republic of",TZ,TZA,834,"Percentage of adolescents (aged 15-19 years) not in education, employment or training",2020,13.9,Female,,%,Reanalysed,Free,End of fieldwork,15 to 19 years old
"Tanzania, United Republic of",TZ,TZA,834,"Percentage of adolescents (aged 15-19 years) not in education, employment or training",2020,8,Male,,%,Reanalysed,Free,End of fieldwork,15 to 19 years old
"Tanzania, United Republic of",TZ,TZA,834,"Percentage of adolescents (aged 15-19 years) not in education, employment or training",2020,10.9,Total,,%,Reanalysed,Free,End of fieldwork,15 to 19 years old
United States,US,USA,840,"Percentage of adolescents (aged 15-19 years) not in education, employment or training",2021,7.4,Female,,%,Reanalysed,Free,End of fieldwork,16 to 19 years old
United States,US,USA,840,"Percentage of adolescents (aged 15-19 years) not in education, employment or training",2021,7.7,Male,,%,Reanalysed,Free,End of fieldwork,16 to 19 years old
United States,US,USA,840,"Percentage of adolescents (aged 15-19 years) not in education, employment or training",2021,7.5,Total,,%,Reanalysed,Free,End of fieldwork,16 to 19 years old
Uruguay,UY,URY,858,"Percentage of adolescents (aged 15-19 years) not in education, employment or training",2021,9.9,Female,,%,Reanalysed,Free,End of fieldwork,15 to 19 years old
Uruguay,UY,URY,858,"Percentage of adolescents (aged 15-19 years) not in education, employment or training",2021,9.3,Male,,%,Reanalysed,Free,End of fieldwork,15 to 19 years old
Uruguay,UY,URY,858,"Percentage of adolescents (aged 15-19 years) not in education, employment or training",2021,9.6,Total,,%,Reanalysed,Free,End of fieldwork,15 to 19 years old
Vanuatu,VU,VUT,548,"Percentage of adolescents (aged 15-19 years) not in education, employment or training",2019,30.1,Female,,%,Reanalysed,Free,End of fieldwork,15 to 19 years old
Vanuatu,VU,VUT,548,"Percentage of adolescents (aged 15-19 years) not in education, employment or training",2019,25.4,Male,,%,Reanalysed,Free,End of fieldwork,15 to 19 years old
Vanuatu,VU,VUT,548,"Percentage of adolescents (aged 15-19 years) not in education, employment or training",2019,27.8,Total,,%,Reanalysed,Free,End of fieldwork,15 to 19 years old
"Venezuela, Bolivarian Republic of",VE,VEN,862,"Percentage of adolescents (aged 15-19 years) not in education, employment or training",2017,25.1,Female,,%,Reanalysed,Free,End of fieldwork,15 to 19 years old
Venezuela,VE,VEN,862,"Percentage of adolescents (aged 15-19 years) not in education, employment or training",2017,25.1,Female,,%,Reanalysed,Free,End of fieldwork,15 to 19 years old
"Venezuela, Bolivarian Republic of",VE,VEN,862,"Percentage of adolescents (aged 15-19 years) not in education, employment or training",2017,16.2,Male,,%,Reanalysed,Free,End of fieldwork,15 to 19 years old
Venezuela,VE,VEN,862,"Percentage of adolescents (aged 15-19 years) not in education, employment or training",2017,16.2,Male,,%,Reanalysed,Free,End of fieldwork,15 to 19 years old
"Venezuela, Bolivarian Republic of",VE,VEN,862,"Percentage of adolescents (aged 15-19 years) not in education, employment or training",2017,20.6,Total,,%,Reanalysed,Free,End of fieldwork,15 to 19 years old
Venezuela,VE,VEN,862,"Percentage of adolescents (aged 15-19 years) not in education, employment or training",2017,20.6,Total,,%,Reanalysed,Free,End of fieldwork,15 to 19 years old
Viet Nam,VN,VNM,704,"Percentage of adolescents (aged 15-19 years) not in education, employment or training",2021,13.1,Female,,%,Reanalysed,Free,End of fieldwork,15 to 19 years old
Vietnam,VN,VNM,704,"Percentage of adolescents (aged 15-19 years) not in education, employment or training",2021,13.1,Female,,%,Reanalysed,Free,End of fieldwork,15 to 19 years old
Viet Nam,VN,VNM,704,"Percentage of adolescents (aged 15-19 years) not in education, employment or training",2021,12.6,Male,,%,Reanalysed,Free,End of fieldwork,15 to 19 years old
Vietnam,VN,VNM,704,"Percentage of adolescents (aged 15-19 years) not in education, employment or training",2021,12.6,Male,,%,Reanalysed,Free,End of fieldwork,15 to 19 years old
Viet Nam,VN,VNM,704,"Percentage of adolescents (aged 15-19 years) not in education, employment or training",2021,12.9,Total,,%,Reanalysed,Free,End of fieldwork,15 to 19 years old
Vietnam,VN,VNM,704,"Percentage of adolescents (aged 15-19 years) not in education, employment or training",2021,12.9,Total,,%,Reanalysed,Free,End of fieldwork,15 to 19 years old
Yemen,YE,YEM,887,"Percentage of adolescents (aged 15-19 years) not in education, employment or training",2014,57.8,Female,,%,Reanalysed,Free,End of fieldwork,15 to 19 years old
Yemen,YE,YEM,887,"Percentage of adolescents (aged 15-19 years) not in education, employment or training",2014,17.7,Male,,%,Reanalysed,Free,End of fieldwork,15 to 19 years old
Yemen,YE,YEM,887,"Percentage of adolescents (aged 15-19 years) not in education, employment or training",2014,36.7,Total,,%,Reanalysed,Free,End of fieldwork,15 to 19 years old
Zambia,ZM,ZMB,894,"Percentage of adolescents (aged 15-19 years) not in education, employment or training",2021,24.3,Female,,%,Reanalysed,Free,End of fieldwork,15 to 19 years old
Zambia,ZM,ZMB,894,"Percentage of adolescents (aged 15-19 years) not in education, employment or training",2021,19.3,Male,,%,Reanalysed,Free,End of fieldwork,15 to 19 years old
Zambia,ZM,ZMB,894,"Percentage of adolescents (aged 15-19 years) not in education, employment or training",2021,21.8,Total,,%,Reanalysed,Free,End of fieldwork,15 to 19 years old
Zimbabwe,ZW,ZWE,716,"Percentage of adolescents (aged 15-19 years) not in education, employment or training",2019,28.2,Female,,%,Reanalysed,Free,End of fieldwork,15 to 19 years old
Zimbabwe,ZW,ZWE,716,"Percentage of adolescents (aged 15-19 years) not in education, employment or training",2019,16.4,Male,,%,Reanalysed,Free,End of fieldwork,15 to 19 years old
Zimbabwe,ZW,ZWE,716,"Percentage of adolescents (aged 15-19 years) not in education, employment or training",2019,22.1,Total,,%,Reanalysed,Free,End of fieldwork,15 to 19 years old
